Academic_Year,Institution_Type_EN,Institution_Type_AR,Campus_Zone_EN,Campus_Zone_AR,Coordinates,LocalFlag_EN,LocalFlag_AR,Gender_EN,Gender_AR,Bachelors,Certificate,Diploma,Doctorate,Foundations,Graduate Certificate,Graduate Diploma,Higher Diploma,Masters,Other أخرى , Total المجموع 
2012-2013,Federal,اتحادية ,Abu Dhabi,أبوظبي,"24.466667 , 54.366669",Local,مواطن,Female,انثى,"12,838",,274,47,"2,743",,6,12,700,,"16,620"
2012-2013,Federal,اتحادية ,Abu Dhabi,أبوظبي,"24.466667 , 54.366669",Local,مواطن,Male,ذكر,"4,294",,112,29,"1,362",,70,24,399,,"6,290"
2012-2013,Federal,اتحادية ,Abu Dhabi,أبوظبي,"24.466667 , 54.366669",Expat,غير مواطن,Female,انثى,"1,872",,,48,93,,,,132,,"2,145"
2012-2013,Federal,اتحادية ,Abu Dhabi,أبوظبي,"24.466667 , 54.366669",Expat,غير مواطن,Male,ذكر,"1,189",,,19,39,,,,152,,"1,399"
2012-2013,Federal,اتحادية ,Dubai,دبي ,"25.276987 , 55.296249",Local,مواطن,Female,انثى,"4,125",,54,,"1,820",,,2,52,,"6,053"
2012-2013,Federal,اتحادية ,Dubai,دبي ,"25.276987 , 55.296249",Local,مواطن,Male,ذكر,"1,947",,1,,638,,,27,33,,"2,646"
2012-2013,Federal,اتحادية ,Dubai,دبي ,"25.276987 , 55.296249",Expat,غير مواطن,Female,انثى,51,,,,33,,,,3,,87
2012-2013,Federal,اتحادية ,Dubai,دبي ,"25.276987 , 55.296249",Expat,غير مواطن,Male,ذكر,22,,,,8,,,,5,,35
2012-2013,Federal,اتحادية ,Fujairah,الفجيرة,"25.133300 , 56.250000",Local,مواطن,Female,انثى,697,,137,,667,,,,,,"1,501"
2012-2013,Federal,اتحادية ,Fujairah,الفجيرة,"25.133300 , 56.250000",Local,مواطن,Male,ذكر,146,,39,,103,,,,,,288
2012-2013,Federal,اتحادية ,Fujairah,الفجيرة,"25.133300 , 56.250000",Expat,غير مواطن,Female,انثى,,,,,1,,,,,,1
2012-2013,Federal,اتحادية ,Ras Al Khaimah,رأس الخيمة,"25.800694 , 55.976200",Local,مواطن,Female,انثى,627,,3,,573,,,,,,"1,203"
2012-2013,Federal,اتحادية ,Ras Al Khaimah,رأس الخيمة,"25.800694 , 55.976200",Local,مواطن,Male,ذكر,249,,,,177,,,,,,426
2012-2013,Federal,اتحادية ,Ras Al Khaimah,رأس الخيمة,"25.800694 , 55.976200",Expat,غير مواطن,Female,انثى,,,,,4,,,,,,4
2012-2013,Federal,اتحادية ,Ras Al Khaimah,رأس الخيمة,"25.800694 , 55.976200",Expat,غير مواطن,Male,ذكر,,,,,1,,,,,,1
2012-2013,Federal,اتحادية ,Sharjah,الشارقة,"25.322327 , 55.513641",Local,مواطن,Female,انثى,"1,472",,5,,702,,,1,,,"2,180"
2012-2013,Federal,اتحادية ,Sharjah,الشارقة,"25.322327 , 55.513641",Local,مواطن,Male,ذكر,448,,,,291,,,2,,,741
2012-2013,Federal,اتحادية ,Sharjah,الشارقة,"25.322327 , 55.513641",Expat,غير مواطن,Female,انثى,,,,,9,,,,,,9
2012-2013,Federal,اتحادية ,Sharjah,الشارقة,"25.322327 , 55.513641",Expat,غير مواطن,Male,ذكر,4,,,,18,,,,,,22
2012-2013,Non-Federal,غير اتحادية,Abu Dhabi,أبوظبي,"24.466667 , 54.366669",Local,مواطن,Female,انثى,"2,741",14,"1,147",1,358,,24,60,433,,"4,778"
2012-2013,Non-Federal,غير اتحادية,Abu Dhabi,أبوظبي,"24.466667 , 54.366669",Local,مواطن,Male,ذكر,"3,793",13,"1,692",,661,,4,275,432,,"6,870"
2012-2013,Non-Federal,غير اتحادية,Abu Dhabi,أبوظبي,"24.466667 , 54.366669",Expat,غير مواطن,Female,انثى,"2,951",,787,,90,,706,2,168,,"4,704"
2012-2013,Non-Federal,غير اتحادية,Abu Dhabi,أبوظبي,"24.466667 , 54.366669",Expat,غير مواطن,Male,ذكر,"2,856",,702,2,53,,62,1,339,,"4,015"
2012-2013,Non-Federal,غير اتحادية,Ajman,عجمان,"25.244000 , 55.266140",Local,مواطن,Female,انثى,"1,011",,,,13,,1,,51,,"1,076"
2012-2013,Non-Federal,غير اتحادية,Ajman,عجمان,"25.244000 , 55.266140",Local,مواطن,Male,ذكر,"1,014",,,,6,,,,116,,"1,136"
2012-2013,Non-Federal,غير اتحادية,Ajman,عجمان,"25.244000 , 55.266140",Expat,غير مواطن,Female,انثى,"3,186",,,,5,,108,,62,,"3,361"
2012-2013,Non-Federal,غير اتحادية,Ajman,عجمان,"25.244000 , 55.266140",Expat,غير مواطن,Male,ذكر,"2,934",,,,10,,6,,55,,"3,005"
2012-2013,Non-Federal,غير اتحادية,Dubai,دبي ,"25.276987 , 55.296249",Local,مواطن,Female,انثى,"2,074",1,78,74,27,,,5,686,,"2,945"
2012-2013,Non-Federal,غير اتحادية,Dubai,دبي ,"25.276987 , 55.296249",Local,مواطن,Male,ذكر,"6,778",,252,21,91,,,16,"1,162",2,"8,322"
2012-2013,Non-Federal,غير اتحادية,Dubai,دبي ,"25.276987 , 55.296249",Expat,غير مواطن,Female,انثى,"5,748",2,142,31,132,,7,2,948,1,"7,013"
2012-2013,Non-Federal,غير اتحادية,Dubai,دبي ,"25.276987 , 55.296249",Expat,غير مواطن,Male,ذكر,"4,692",2,263,20,199,,2,,"1,268",1,"6,447"
2012-2013,Non-Federal,غير اتحادية,Fujairah,الفجيرة,"25.133300 , 56.250000",Local,مواطن,Female,انثى,656,,27,,2,,1,,,,686
2012-2013,Non-Federal,غير اتحادية,Fujairah,الفجيرة,"25.133300 , 56.250000",Local,مواطن,Male,ذكر,613,,21,,,,,,,,634
2012-2013,Non-Federal,غير اتحادية,Fujairah,الفجيرة,"25.133300 , 56.250000",Expat,غير مواطن,Female,انثى,506,,10,,,,188,,,,704
2012-2013,Non-Federal,غير اتحادية,Fujairah,الفجيرة,"25.133300 , 56.250000",Expat,غير مواطن,Male,ذكر,323,,15,,,,,,,,338
2012-2013,Non-Federal,غير اتحادية,Ras Al Khaimah,رأس الخيمة,"25.800694 , 55.976200",Local,مواطن,Female,انثى,268,,,,12,,,,7,,287
2012-2013,Non-Federal,غير اتحادية,Ras Al Khaimah,رأس الخيمة,"25.800694 , 55.976200",Local,مواطن,Male,ذكر,79,,,,4,,,,,,83
2012-2013,Non-Federal,غير اتحادية,Ras Al Khaimah,رأس الخيمة,"25.800694 , 55.976200",Expat,غير مواطن,Female,انثى,652,,1,,7,,,,85,,745
2012-2013,Non-Federal,غير اتحادية,Ras Al Khaimah,رأس الخيمة,"25.800694 , 55.976200",Expat,غير مواطن,Male,ذكر,407,,1,,11,,,,218,,637
2012-2013,Non-Federal,غير اتحادية,Sharjah,الشارقة,"25.322327 , 55.513641",Local,مواطن,Female,انثى,"3,813",,301,23,91,,,2,344,,"4,574"
2012-2013,Non-Federal,غير اتحادية,Sharjah,الشارقة,"25.322327 , 55.513641",Local,مواطن,Male,ذكر,"1,812",,99,34,111,,,,552,,"2,608"
2012-2013,Non-Federal,غير اتحادية,Sharjah,الشارقة,"25.322327 , 55.513641",Expat,غير مواطن,Female,انثى,"5,641",,70,6,98,,,3,249,,"6,067"
2012-2013,Non-Federal,غير اتحادية,Sharjah,الشارقة,"25.322327 , 55.513641",Expat,غير مواطن,Male,ذكر,"4,893",,66,9,156,,,,383,,"5,507"
2013-2014,Federal,اتحادية ,Abu Dhabi,أبوظبي,"24.466667 , 54.366669",Local,مواطن,Female,انثى,"9,452",85,314,45,"7,011",,12,14,701,,"17,634"
2013-2014,Federal,اتحادية ,Abu Dhabi,أبوظبي,"24.466667 , 54.366669",Local,مواطن,Male,ذكر,"4,218",103,124,24,"2,071",,,60,385,,"6,985"
2013-2014,Federal,اتحادية ,Abu Dhabi,أبوظبي,"24.466667 , 54.366669",Expat,غير مواطن,Female,انثى,"1,207",,,43,776,,,,219,,"2,245"
2013-2014,Federal,اتحادية ,Abu Dhabi,أبوظبي,"24.466667 , 54.366669",Expat,غير مواطن,Male,ذكر,699,,,19,411,,,,187,,"1,316"
2013-2014,Federal,اتحادية ,Dubai,دبي ,"25.276987 , 55.296249",Local,مواطن,Female,انثى,"4,604",,139,,"1,736",,,4,55,,"6,538"
2013-2014,Federal,اتحادية ,Dubai,دبي ,"25.276987 , 55.296249",Local,مواطن,Male,ذكر,"2,074",,37,,584,,,15,44,,"2,754"
2013-2014,Federal,اتحادية ,Dubai,دبي ,"25.276987 , 55.296249",Expat,غير مواطن,Female,انثى,58,,,,16,,,,10,,84
2013-2014,Federal,اتحادية ,Dubai,دبي ,"25.276987 , 55.296249",Expat,غير مواطن,Male,ذكر,20,,,,7,,,,8,,35
2013-2014,Federal,اتحادية ,Fujairah,الفجيرة,"25.133300 , 56.250000",Local,مواطن,Female,انثى,909,,,,685,,,,,,"1,594"
2013-2014,Federal,اتحادية ,Fujairah,الفجيرة,"25.133300 , 56.250000",Local,مواطن,Male,ذكر,219,2,24,,194,,,,,,439
2013-2014,Federal,اتحادية ,Ras Al Khaimah,رأس الخيمة,"25.800694 , 55.976200",Local,مواطن,Female,انثى,872,,41,,632,,,,,,"1,545"
2013-2014,Federal,اتحادية ,Ras Al Khaimah,رأس الخيمة,"25.800694 , 55.976200",Local,مواطن,Male,ذكر,371,,59,,259,,,,,,689
2013-2014,Federal,اتحادية ,Sharjah,الشارقة,"25.322327 , 55.513641",Local,مواطن,Female,انثى,"1,648",,21,,863,,,,,,"2,532"
2013-2014,Federal,اتحادية ,Sharjah,الشارقة,"25.322327 , 55.513641",Local,مواطن,Male,ذكر,590,,18,,387,,,,,,995
2013-2014,Non-Federal,غير اتحادية,Abu Dhabi,أبوظبي,"24.466667 , 54.366669",Local,مواطن,Female,انثى,"3,490",,"1,025",13,552,,28,85,588,,"5,781"
2013-2014,Non-Federal,غير اتحادية,Abu Dhabi,أبوظبي,"24.466667 , 54.366669",Local,مواطن,Male,ذكر,"4,415",36,"1,572",19,517,,4,386,545,,"7,494"
2013-2014,Non-Federal,غير اتحادية,Abu Dhabi,أبوظبي,"24.466667 , 54.366669",Expat,غير مواطن,Female,انثى,"3,446",,699,28,119,,780,,280,,"5,352"
2013-2014,Non-Federal,غير اتحادية,Abu Dhabi,أبوظبي,"24.466667 , 54.366669",Expat,غير مواطن,Male,ذكر,"3,062",,678,61,76,,85,2,562,,"4,526"
2013-2014,Non-Federal,غير اتحادية,Ajman,عجمان,"25.244000 , 55.266140",Local,مواطن,Female,انثى,"1,066",,,,14,,1,,42,,"1,123"
2013-2014,Non-Federal,غير اتحادية,Ajman,عجمان,"25.244000 , 55.266140",Local,مواطن,Male,ذكر,"1,098",,,,26,,,,90,,"1,214"
2013-2014,Non-Federal,غير اتحادية,Ajman,عجمان,"25.244000 , 55.266140",Expat,غير مواطن,Female,انثى,"3,517",,,,6,,55,,69,,"3,647"
2013-2014,Non-Federal,غير اتحادية,Ajman,عجمان,"25.244000 , 55.266140",Expat,غير مواطن,Male,ذكر,"3,257",,,,7,,6,,71,,"3,341"
2013-2014,Non-Federal,غير اتحادية,Dubai,دبي ,"25.276987 , 55.296249",Local,مواطن,Female,انثى,"2,091",,46,90,52,,,19,685,,"2,983"
2013-2014,Non-Federal,غير اتحادية,Dubai,دبي ,"25.276987 , 55.296249",Local,مواطن,Male,ذكر,"7,286",,236,31,154,,,35,738,,"8,480"
2013-2014,Non-Federal,غير اتحادية,Dubai,دبي ,"25.276987 , 55.296249",Expat,غير مواطن,Female,انثى,"6,626",,113,45,150,,12,,"1,019",,"7,965"
2013-2014,Non-Federal,غير اتحادية,Dubai,دبي ,"25.276987 , 55.296249",Expat,غير مواطن,Male,ذكر,"5,132",1,176,24,302,,4,,"1,414",,"7,053"
2013-2014,Non-Federal,غير اتحادية,Fujairah,الفجيرة,"25.133300 , 56.250000",Local,مواطن,Female,انثى,650,,22,,3,,1,,,,676
2013-2014,Non-Federal,غير اتحادية,Fujairah,الفجيرة,"25.133300 , 56.250000",Local,مواطن,Male,ذكر,590,,25,,15,,,,,,630
2013-2014,Non-Federal,غير اتحادية,Fujairah,الفجيرة,"25.133300 , 56.250000",Expat,غير مواطن,Female,انثى,542,,8,,,,175,,,,725
2013-2014,Non-Federal,غير اتحادية,Fujairah,الفجيرة,"25.133300 , 56.250000",Expat,غير مواطن,Male,ذكر,367,,20,,,,,,,,387
2013-2014,Non-Federal,غير اتحادية,Ras Al Khaimah,رأس الخيمة,"25.800694 , 55.976200",Local,مواطن,Female,انثى,260,,1,,,,,,28,,289
2013-2014,Non-Federal,غير اتحادية,Ras Al Khaimah,رأس الخيمة,"25.800694 , 55.976200",Local,مواطن,Male,ذكر,63,,,,,,,,4,,67
2013-2014,Non-Federal,غير اتحادية,Ras Al Khaimah,رأس الخيمة,"25.800694 , 55.976200",Expat,غير مواطن,Female,انثى,758,,1,,,,,,13,,772
2013-2014,Non-Federal,غير اتحادية,Ras Al Khaimah,رأس الخيمة,"25.800694 , 55.976200",Expat,غير مواطن,Male,ذكر,478,,,,,,,,6,,484
2013-2014,Non-Federal,غير اتحادية,Sharjah,الشارقة,"25.322327 , 55.513641",Local,مواطن,Female,انثى,"3,889",,197,21,101,,,,328,,"4,536"
2013-2014,Non-Federal,غير اتحادية,Sharjah,الشارقة,"25.322327 , 55.513641",Local,مواطن,Male,ذكر,"1,793",,99,53,62,,,,360,,"2,367"
2013-2014,Non-Federal,غير اتحادية,Sharjah,الشارقة,"25.322327 , 55.513641",Expat,غير مواطن,Female,انثى,"6,390",,164,2,69,,,2,248,,"6,875"
2013-2014,Non-Federal,غير اتحادية,Sharjah,الشارقة,"25.322327 , 55.513641",Expat,غير مواطن,Male,ذكر,"5,407",,83,19,151,,,,356,,"6,016"
2013-2014,Non-Federal,غير اتحادية,Umm Al-Quwain,ام القيوين,"25.520482 , 55.713391",Local,مواطن,Female,انثى,20,,,,3,,,,,,23
2013-2014,Non-Federal,غير اتحادية,Umm Al-Quwain,ام القيوين,"25.520482 , 55.713391",Local,مواطن,Male,ذكر,25,,,,4,,,,,,29
2013-2014,Non-Federal,غير اتحادية,Umm Al-Quwain,ام القيوين,"25.520482 , 55.713391",Expat,غير مواطن,Female,انثى,27,,,,,,,,,,27
2013-2014,Non-Federal,غير اتحادية,Umm Al-Quwain,ام القيوين,"25.520482 , 55.713391",Expat,غير مواطن,Male,ذكر,32,,,,,,,,,,32
2014-2015,Federal,اتحادية ,Abu Dhabi,أبوظبي,"24.466667 , 54.366669",Local,مواطن,Female,انثى,"9,784",92,567,55,"7,431",,,128,679,,"18,736"
2014-2015,Federal,اتحادية ,Abu Dhabi,أبوظبي,"24.466667 , 54.366669",Local,مواطن,Male,ذكر,"4,261",,218,28,"1,587",,,174,365,,"6,633"
2014-2015,Federal,اتحادية ,Abu Dhabi,أبوظبي,"24.466667 , 54.366669",Expat,غير مواطن,Female,انثى,"1,322",,13,34,772,,,,222,,"2,363"
2014-2015,Federal,اتحادية ,Abu Dhabi,أبوظبي,"24.466667 , 54.366669",Expat,غير مواطن,Male,ذكر,728,,9,21,386,,,23,203,,"1,370"
2014-2015,Federal,اتحادية ,Dubai,دبي ,"25.276987 , 55.296249",Local,مواطن,Female,انثى,"4,898",,198,,"1,672",,,114,56,,"6,938"
2014-2015,Federal,اتحادية ,Dubai,دبي ,"25.276987 , 55.296249",Local,مواطن,Male,ذكر,"2,130",,58,,466,,,99,24,,"2,777"
2014-2015,Federal,اتحادية ,Dubai,دبي ,"25.276987 , 55.296249",Expat,غير مواطن,Female,انثى,82,,1,,26,,,,15,,124
2014-2015,Federal,اتحادية ,Dubai,دبي ,"25.276987 , 55.296249",Expat,غير مواطن,Male,ذكر,40,,,,4,,,1,3,,48
2014-2015,Federal,اتحادية ,Fujairah,الفجيرة,"25.133300 , 56.250000",Local,مواطن,Female,انثى,992,,73,,753,,,17,8,,"1,843"
2014-2015,Federal,اتحادية ,Fujairah,الفجيرة,"25.133300 , 56.250000",Local,مواطن,Male,ذكر,255,,34,,127,,,1,,,417
2014-2015,Federal,اتحادية ,Fujairah,الفجيرة,"25.133300 , 56.250000",Expat,غير مواطن,Female,انثى,3,,1,,3,,,,1,,8
2014-2015,Federal,اتحادية ,Fujairah,الفجيرة,"25.133300 , 56.250000",Expat,غير مواطن,Male,ذكر,1,,,,,,,,,,1
2014-2015,Federal,اتحادية ,Ras Al Khaimah,رأس الخيمة,"25.800694 , 55.976200",Local,مواطن,Female,انثى,"1,042",,91,,733,,,1,13,,"1,880"
2014-2015,Federal,اتحادية ,Ras Al Khaimah,رأس الخيمة,"25.800694 , 55.976200",Local,مواطن,Male,ذكر,384,,78,,153,,,4,5,,624
2014-2015,Federal,اتحادية ,Ras Al Khaimah,رأس الخيمة,"25.800694 , 55.976200",Expat,غير مواطن,Female,انثى,13,,1,,6,,,,2,,22
2014-2015,Federal,اتحادية ,Ras Al Khaimah,رأس الخيمة,"25.800694 , 55.976200",Expat,غير مواطن,Male,ذكر,4,,,,3,,,,,,7
2014-2015,Federal,اتحادية ,Sharjah,الشارقة,"25.322327 , 55.513641",Local,مواطن,Female,انثى,"1,697",,102,,893,,,25,1,,"2,718"
2014-2015,Federal,اتحادية ,Sharjah,الشارقة,"25.322327 , 55.513641",Local,مواطن,Male,ذكر,625,,42,,279,,,7,,,953
2014-2015,Federal,اتحادية ,Sharjah,الشارقة,"25.322327 , 55.513641",Expat,غير مواطن,Female,انثى,70,,3,,41,,,,,,114
2014-2015,Federal,اتحادية ,Sharjah,الشارقة,"25.322327 , 55.513641",Expat,غير مواطن,Male,ذكر,27,,2,,10,,,,,,39
2014-2015,Non-Federal,غير اتحادية,Abu Dhabi,أبوظبي,"24.466667 , 54.366669",Local,مواطن,Female,انثى,"4,143",,880,50,"1,193",,88,140,778,1,"7,273"
2014-2015,Non-Federal,غير اتحادية,Abu Dhabi,أبوظبي,"24.466667 , 54.366669",Local,مواطن,Male,ذكر,"5,446",65,"1,258",60,519,,106,268,696,7,"8,425"
2014-2015,Non-Federal,غير اتحادية,Abu Dhabi,أبوظبي,"24.466667 , 54.366669",Expat,غير مواطن,Female,انثى,"3,807",,725,40,139,,903,,376,,"5,990"
2014-2015,Non-Federal,غير اتحادية,Abu Dhabi,أبوظبي,"24.466667 , 54.366669",Expat,غير مواطن,Male,ذكر,"3,472",,554,85,112,,82,1,604,1,"4,911"
2014-2015,Non-Federal,غير اتحادية,Ajman,عجمان,"25.244000 , 55.266140",Local,مواطن,Female,انثى,952,,,,33,,,,48,2,"1,035"
2014-2015,Non-Federal,غير اتحادية,Ajman,عجمان,"25.244000 , 55.266140",Local,مواطن,Male,ذكر,"1,353",,,,27,,,,82,3,"1,465"
2014-2015,Non-Federal,غير اتحادية,Ajman,عجمان,"25.244000 , 55.266140",Expat,غير مواطن,Female,انثى,"3,658",,1,,2,,79,,76,43,"3,859"
2014-2015,Non-Federal,غير اتحادية,Ajman,عجمان,"25.244000 , 55.266140",Expat,غير مواطن,Male,ذكر,"3,458",,,,2,,5,,71,20,"3,556"
2014-2015,Non-Federal,غير اتحادية,Dubai,دبي ,"25.276987 , 55.296249",Local,مواطن,Female,انثى,"2,014",,42,100,59,,1,47,859,2,"3,124"
2014-2015,Non-Federal,غير اتحادية,Dubai,دبي ,"25.276987 , 55.296249",Local,مواطن,Male,ذكر,"7,516",1,246,33,176,,,53,"1,199",7,"9,231"
2014-2015,Non-Federal,غير اتحادية,Dubai,دبي ,"25.276987 , 55.296249",Expat,غير مواطن,Female,انثى,"7,095",26,136,54,295,,,173,"1,241",,"9,020"
2014-2015,Non-Federal,غير اتحادية,Dubai,دبي ,"25.276987 , 55.296249",Expat,غير مواطن,Male,ذكر,"5,773",15,403,21,468,,1,290,"1,759",1,"8,731"
2014-2015,Non-Federal,غير اتحادية,Fujairah,الفجيرة,"25.133300 , 56.250000",Local,مواطن,Female,انثى,609,,6,,1,,,,,,616
2014-2015,Non-Federal,غير اتحادية,Fujairah,الفجيرة,"25.133300 , 56.250000",Local,مواطن,Male,ذكر,568,,2,,6,,,,,,576
2014-2015,Non-Federal,غير اتحادية,Fujairah,الفجيرة,"25.133300 , 56.250000",Expat,غير مواطن,Female,انثى,594,,3,,1,,257,,,,855
2014-2015,Non-Federal,غير اتحادية,Fujairah,الفجيرة,"25.133300 , 56.250000",Expat,غير مواطن,Male,ذكر,379,,9,,1,,,,,,389
2014-2015,Non-Federal,غير اتحادية,Ras Al Khaimah,رأس الخيمة,"25.800694 , 55.976200",Local,مواطن,Female,انثى,254,,,,,,,,36,,290
2014-2015,Non-Federal,غير اتحادية,Ras Al Khaimah,رأس الخيمة,"25.800694 , 55.976200",Local,مواطن,Male,ذكر,48,,,,,,,,3,,51
2014-2015,Non-Federal,غير اتحادية,Ras Al Khaimah,رأس الخيمة,"25.800694 , 55.976200",Expat,غير مواطن,Female,انثى,845,,,,,,,,7,,852
2014-2015,Non-Federal,غير اتحادية,Ras Al Khaimah,رأس الخيمة,"25.800694 , 55.976200",Expat,غير مواطن,Male,ذكر,587,,,,,,,,6,,593
2014-2015,Non-Federal,غير اتحادية,Sharjah,الشارقة,"25.322327 , 55.513641",Local,مواطن,Female,انثى,"3,960",,273,24,28,,,,345,,"4,630"
2014-2015,Non-Federal,غير اتحادية,Sharjah,الشارقة,"25.322327 , 55.513641",Local,مواطن,Male,ذكر,"1,562",68,171,77,38,,,,344,,"2,260"
2014-2015,Non-Federal,غير اتحادية,Sharjah,الشارقة,"25.322327 , 55.513641",Expat,غير مواطن,Female,انثى,"7,051",,79,4,40,,,,297,,"7,471"
2014-2015,Non-Federal,غير اتحادية,Sharjah,الشارقة,"25.322327 , 55.513641",Expat,غير مواطن,Male,ذكر,"5,767",,45,35,98,,,,376,,"6,321"
2014-2015,Non-Federal,غير اتحادية,Umm Al-Quwain,ام القيوين,"25.520482 , 55.713391",Local,مواطن,Female,انثى,43,,,,2,,,,,,45
2014-2015,Non-Federal,غير اتحادية,Umm Al-Quwain,ام القيوين,"25.520482 , 55.713391",Local,مواطن,Male,ذكر,107,,,,18,,,,,,125
2014-2015,Non-Federal,غير اتحادية,Umm Al-Quwain,ام القيوين,"25.520482 , 55.713391",Expat,غير مواطن,Female,انثى,51,,,,,,,,,,51
2014-2015,Non-Federal,غير اتحادية,Umm Al-Quwain,ام القيوين,"25.520482 , 55.713391",Expat,غير مواطن,Male,ذكر,44,,,,1,,,,,,45
2015-2016,Federal,اتحادية ,Abu Dhabi,أبوظبي,"24.466667 , 54.366669",Local,مواطن,Female,انثى,"10,649",92,443,53,"6,667",,,,539,,"18,443"
2015-2016,Federal,اتحادية ,Abu Dhabi,أبوظبي,"24.466667 , 54.366669",Local,مواطن,Male,ذكر,"4,037",,102,31,"1,437",,,,254,,"5,861"
2015-2016,Federal,اتحادية ,Abu Dhabi,أبوظبي,"24.466667 , 54.366669",Expat,غير مواطن,Female,انثى,"1,436",,20,33,698,,,,206,,"2,393"
2015-2016,Federal,اتحادية ,Abu Dhabi,أبوظبي,"24.466667 , 54.366669",Expat,غير مواطن,Male,ذكر,790,,11,19,323,,,,161,,"1,304"
2015-2016,Federal,اتحادية ,Dubai,دبي ,"25.276987 , 55.296249",Local,مواطن,Female,انثى,"5,125",,111,,"1,193",,,,22,,"6,451"
2015-2016,Federal,اتحادية ,Dubai,دبي ,"25.276987 , 55.296249",Local,مواطن,Male,ذكر,"2,101",,23,,493,,,,6,,"2,623"
2015-2016,Federal,اتحادية ,Dubai,دبي ,"25.276987 , 55.296249",Expat,غير مواطن,Female,انثى,125,,1,,15,,,,10,,151
2015-2016,Federal,اتحادية ,Dubai,دبي ,"25.276987 , 55.296249",Expat,غير مواطن,Male,ذكر,66,,1,,9,,,,4,,80
2015-2016,Federal,اتحادية ,Fujairah,الفجيرة,"25.133300 , 56.250000",Local,مواطن,Female,انثى,"1,101",,101,,582,,,,,,"1,784"
2015-2016,Federal,اتحادية ,Fujairah,الفجيرة,"25.133300 , 56.250000",Local,مواطن,Male,ذكر,306,,49,,105,,,,,,460
2015-2016,Federal,اتحادية ,Fujairah,الفجيرة,"25.133300 , 56.250000",Expat,غير مواطن,Female,انثى,11,,2,,10,,,,,,23
2015-2016,Federal,اتحادية ,Fujairah,الفجيرة,"25.133300 , 56.250000",Expat,غير مواطن,Male,ذكر,3,,,,3,,,,,,6
2015-2016,Federal,اتحادية ,Ras Al Khaimah,رأس الخيمة,"25.800694 , 55.976200",Local,مواطن,Female,انثى,"1,216",,98,,600,,,,,,"1,914"
2015-2016,Federal,اتحادية ,Ras Al Khaimah,رأس الخيمة,"25.800694 , 55.976200",Local,مواطن,Male,ذكر,414,,71,,153,,,,,,638
2015-2016,Federal,اتحادية ,Ras Al Khaimah,رأس الخيمة,"25.800694 , 55.976200",Expat,غير مواطن,Female,انثى,41,,4,,16,,,,,,61
2015-2016,Federal,اتحادية ,Ras Al Khaimah,رأس الخيمة,"25.800694 , 55.976200",Expat,غير مواطن,Male,ذكر,19,,1,,12,,,,,,32
2015-2016,Federal,اتحادية ,Sharjah,الشارقة,"25.322327 , 55.513641",Local,مواطن,Female,انثى,"1,949",,95,,749,,,,,,"2,793"
2015-2016,Federal,اتحادية ,Sharjah,الشارقة,"25.322327 , 55.513641",Local,مواطن,Male,ذكر,713,,31,,341,,,,,,"1,085"
2015-2016,Federal,اتحادية ,Sharjah,الشارقة,"25.322327 , 55.513641",Expat,غير مواطن,Female,انثى,169,,10,,43,,,,,,222
2015-2016,Federal,اتحادية ,Sharjah,الشارقة,"25.322327 , 55.513641",Expat,غير مواطن,Male,ذكر,60,,1,,29,,,,,,90
2015-2016,Non-Federal,غير اتحادية,Abu Dhabi,أبوظبي,"24.466667 , 54.366669",Local,مواطن,Female,انثى,"4,822",218,456,58,"1,212",,20,164,995,,"7,945"
2015-2016,Non-Federal,غير اتحادية,Abu Dhabi,أبوظبي,"24.466667 , 54.366669",Local,مواطن,Male,ذكر,"5,591",107,827,69,806,,1,243,786,114,"8,544"
2015-2016,Non-Federal,غير اتحادية,Abu Dhabi,أبوظبي,"24.466667 , 54.366669",Expat,غير مواطن,Female,انثى,"4,392",19,674,52,185,,929,,406,,"6,657"
2015-2016,Non-Federal,غير اتحادية,Abu Dhabi,أبوظبي,"24.466667 , 54.366669",Expat,غير مواطن,Male,ذكر,"3,759",4,457,100,128,,46,2,718,,"5,214"
2015-2016,Non-Federal,غير اتحادية,Ajman,عجمان,"25.244000 , 55.266140",Local,مواطن,Female,انثى,"1,175",,21,,44,,,,74,,"1,314"
2015-2016,Non-Federal,غير اتحادية,Ajman,عجمان,"25.244000 , 55.266140",Local,مواطن,Male,ذكر,"1,270",,,,9,,1,,137,,"1,417"
2015-2016,Non-Federal,غير اتحادية,Ajman,عجمان,"25.244000 , 55.266140",Expat,غير مواطن,Female,انثى,"3,823",,53,,12,,13,,71,2,"3,974"
2015-2016,Non-Federal,غير اتحادية,Ajman,عجمان,"25.244000 , 55.266140",Expat,غير مواطن,Male,ذكر,"3,346",,9,,4,,,,92,,"3,451"
2015-2016,Non-Federal,غير اتحادية,Dubai,دبي ,"25.276987 , 55.296249",Local,مواطن,Female,انثى,"2,163",1,12,145,33,,1,11,934,,"3,300"
2015-2016,Non-Federal,غير اتحادية,Dubai,دبي ,"25.276987 , 55.296249",Local,مواطن,Male,ذكر,"7,262",2,38,58,64,,,27,924,,"8,375"
2015-2016,Non-Federal,غير اتحادية,Dubai,دبي ,"25.276987 , 55.296249",Expat,غير مواطن,Female,انثى,"6,954",23,107,67,92,,3,122,"1,227",,"8,595"
2015-2016,Non-Federal,غير اتحادية,Dubai,دبي ,"25.276987 , 55.296249",Expat,غير مواطن,Male,ذكر,"5,962",17,318,48,183,,1,255,"1,774",,"8,558"
2015-2016,Non-Federal,غير اتحادية,Fujairah,الفجيرة,"25.133300 , 56.250000",Local,مواطن,Female,انثى,554,,33,,3,,,,,,590
2015-2016,Non-Federal,غير اتحادية,Fujairah,الفجيرة,"25.133300 , 56.250000",Local,مواطن,Male,ذكر,403,,,,4,,,,,,407
2015-2016,Non-Federal,غير اتحادية,Fujairah,الفجيرة,"25.133300 , 56.250000",Expat,غير مواطن,Female,انثى,556,,5,,1,,67,,,,629
2015-2016,Non-Federal,غير اتحادية,Fujairah,الفجيرة,"25.133300 , 56.250000",Expat,غير مواطن,Male,ذكر,359,,2,,3,,,,,,364
2015-2016,Non-Federal,غير اتحادية,Ras Al Khaimah,رأس الخيمة,"25.800694 , 55.976200",Local,مواطن,Female,انثى,246,,4,,,,,,79,,329
2015-2016,Non-Federal,غير اتحادية,Ras Al Khaimah,رأس الخيمة,"25.800694 , 55.976200",Local,مواطن,Male,ذكر,57,,3,,,,,,12,,72
2015-2016,Non-Federal,غير اتحادية,Ras Al Khaimah,رأس الخيمة,"25.800694 , 55.976200",Expat,غير مواطن,Female,انثى,877,,12,,,,,,27,,916
2015-2016,Non-Federal,غير اتحادية,Ras Al Khaimah,رأس الخيمة,"25.800694 , 55.976200",Expat,غير مواطن,Male,ذكر,677,,31,,,,,,17,,725
2015-2016,Non-Federal,غير اتحادية,Sharjah,الشارقة,"25.322327 , 55.513641",Local,مواطن,Female,انثى,"3,949",,316,23,28,,,,398,,"4,714"
2015-2016,Non-Federal,غير اتحادية,Sharjah,الشارقة,"25.322327 , 55.513641",Local,مواطن,Male,ذكر,"1,378",,217,87,38,,,,301,206,"2,227"
2015-2016,Non-Federal,غير اتحادية,Sharjah,الشارقة,"25.322327 , 55.513641",Expat,غير مواطن,Female,انثى,"7,353",,138,14,36,,,4,312,,"7,857"
2015-2016,Non-Federal,غير اتحادية,Sharjah,الشارقة,"25.322327 , 55.513641",Expat,غير مواطن,Male,ذكر,"5,963",,111,46,91,,,,365,,"6,576"
2015-2016,Non-Federal,غير اتحادية,Umm Al-Quwain,ام القيوين,"25.520482 , 55.713391",Local,مواطن,Female,انثى,64,,,,2,,,,,,66
2015-2016,Non-Federal,غير اتحادية,Umm Al-Quwain,ام القيوين,"25.520482 , 55.713391",Local,مواطن,Male,ذكر,162,,,,14,,,,,1,177
2015-2016,Non-Federal,غير اتحادية,Umm Al-Quwain,ام القيوين,"25.520482 , 55.713391",Expat,غير مواطن,Female,انثى,77,,,,2,,,,,,79
2015-2016,Non-Federal,غير اتحادية,Umm Al-Quwain,ام القيوين,"25.520482 , 55.713391",Expat,غير مواطن,Male,ذكر,72,,,,1,,,,,,73
2016-2017,Federal,اتحادية ,Abu Dhabi,أبوظبي,"24.466667 , 54.366669",Local,مواطن,Female,انثى,"15,229",149,167,58,"3,043",,,5,473,,"19,124"
2016-2017,Federal,اتحادية ,Abu Dhabi,أبوظبي,"24.466667 , 54.366669",Local,مواطن,Male,ذكر,"4,769",43,41,37,"1,077",,,11,207,,"6,185"
2016-2017,Federal,اتحادية ,Abu Dhabi,أبوظبي,"24.466667 , 54.366669",Expat,غير مواطن,Female,انثى,"1,745",,6,49,80,,,,215,,"2,095"
2016-2017,Federal,اتحادية ,Abu Dhabi,أبوظبي,"24.466667 , 54.366669",Expat,غير مواطن,Male,ذكر,871,,3,28,45,,,,165,,"1,112"
2016-2017,Federal,اتحادية ,Dubai,دبي ,"25.276987 , 55.296249",Local,مواطن,Female,انثى,"5,222",72,52,,920,,,,13,,"6,279"
2016-2017,Federal,اتحادية ,Dubai,دبي ,"25.276987 , 55.296249",Local,مواطن,Male,ذكر,"2,071",9,3,,487,,,3,4,,"2,577"
2016-2017,Federal,اتحادية ,Dubai,دبي ,"25.276987 , 55.296249",Expat,غير مواطن,Female,انثى,102,,,,,,,,5,,107
2016-2017,Federal,اتحادية ,Dubai,دبي ,"25.276987 , 55.296249",Expat,غير مواطن,Male,ذكر,28,,,,,,,,5,,33
2016-2017,Federal,اتحادية ,Fujairah,الفجيرة,"25.133300 , 56.250000",Local,مواطن,Female,انثى,"1,132",10,31,,448,,,,,,"1,621"
2016-2017,Federal,اتحادية ,Fujairah,الفجيرة,"25.133300 , 56.250000",Local,مواطن,Male,ذكر,277,,12,,127,,,,,,416
2016-2017,Federal,اتحادية ,Fujairah,الفجيرة,"25.133300 , 56.250000",Expat,غير مواطن,Female,انثى,5,,1,,,,,,,,6
2016-2017,Federal,اتحادية ,Fujairah,الفجيرة,"25.133300 , 56.250000",Expat,غير مواطن,Male,ذكر,1,,,,,,,,,,1
2016-2017,Federal,اتحادية ,Ras Al Khaimah,رأس الخيمة,"25.800694 , 55.976200",Local,مواطن,Female,انثى,"1,353",24,53,,471,,,,,,"1,901"
2016-2017,Federal,اتحادية ,Ras Al Khaimah,رأس الخيمة,"25.800694 , 55.976200",Local,مواطن,Male,ذكر,446,10,13,,186,,,,,,655
2016-2017,Federal,اتحادية ,Ras Al Khaimah,رأس الخيمة,"25.800694 , 55.976200",Expat,غير مواطن,Female,انثى,19,,,,,,,,,,19
2016-2017,Federal,اتحادية ,Ras Al Khaimah,رأس الخيمة,"25.800694 , 55.976200",Expat,غير مواطن,Male,ذكر,8,,,,,,,,,,8
2016-2017,Federal,اتحادية ,Sharjah,الشارقة,"25.322327 , 55.513641",Local,مواطن,Female,انثى,"2,196",38,35,,768,,,,,,"3,037"
2016-2017,Federal,اتحادية ,Sharjah,الشارقة,"25.322327 , 55.513641",Local,مواطن,Male,ذكر,922,17,15,,379,,,,,,"1,333"
2016-2017,Federal,اتحادية ,Sharjah,الشارقة,"25.322327 , 55.513641",Expat,غير مواطن,Female,انثى,95,,3,,1,,,,,,99
2016-2017,Federal,اتحادية ,Sharjah,الشارقة,"25.322327 , 55.513641",Expat,غير مواطن,Male,ذكر,29,,,,,,,,,,29
2016-2017,Non-Federal,غير اتحادية,Abu Dhabi,أبوظبي,"24.466667 , 54.366669",Local,مواطن,Female,انثى,"5,286",1,260,78,"1,283",,36,197,"1,111",261,"8,513"
2016-2017,Non-Federal,غير اتحادية,Abu Dhabi,أبوظبي,"24.466667 , 54.366669",Local,مواطن,Male,ذكر,"5,730",,540,71,"1,074",,23,266,925,,"8,629"
2016-2017,Non-Federal,غير اتحادية,Abu Dhabi,أبوظبي,"24.466667 , 54.366669",Expat,غير مواطن,Female,انثى,"4,709",,426,58,154,,160,29,437,71,"6,044"
2016-2017,Non-Federal,غير اتحادية,Abu Dhabi,أبوظبي,"24.466667 , 54.366669",Expat,غير مواطن,Male,ذكر,"4,167",,326,98,115,,13,,681,,"5,400"
2016-2017,Non-Federal,غير اتحادية,Ajman,عجمان,"25.244000 , 55.266140",Local,مواطن,Female,انثى,"1,145",,21,,30,,1,,69,88,"1,354"
2016-2017,Non-Federal,غير اتحادية,Ajman,عجمان,"25.244000 , 55.266140",Local,مواطن,Male,ذكر,"1,242",,,,15,,,,74,2,"1,333"
2016-2017,Non-Federal,غير اتحادية,Ajman,عجمان,"25.244000 , 55.266140",Expat,غير مواطن,Female,انثى,"3,980",,40,,9,,7,,57,5,"4,098"
2016-2017,Non-Federal,غير اتحادية,Ajman,عجمان,"25.244000 , 55.266140",Expat,غير مواطن,Male,ذكر,"3,324",,1,,7,,,,69,12,"3,413"
2016-2017,Non-Federal,غير اتحادية,Dubai,دبي ,"25.276987 , 55.296249",Local,مواطن,Female,انثى,"2,037",2,13,146,53,,1,16,979,1,"3,248"
2016-2017,Non-Federal,غير اتحادية,Dubai,دبي ,"25.276987 , 55.296249",Local,مواطن,Male,ذكر,"4,865",2,34,96,63,,,27,"1,028",,"6,115"
2016-2017,Non-Federal,غير اتحادية,Dubai,دبي ,"25.276987 , 55.296249",Expat,غير مواطن,Female,انثى,"6,679",19,84,84,76,,,93,"1,192",2,"8,229"
2016-2017,Non-Federal,غير اتحادية,Dubai,دبي ,"25.276987 , 55.296249",Expat,غير مواطن,Male,ذكر,"6,036",31,325,60,93,,,178,"1,694",,"8,417"
2016-2017,Non-Federal,غير اتحادية,Fujairah,الفجيرة,"25.133300 , 56.250000",Local,مواطن,Female,انثى,511,,3,,3,,,,,,517
2016-2017,Non-Federal,غير اتحادية,Fujairah,الفجيرة,"25.133300 , 56.250000",Local,مواطن,Male,ذكر,336,,2,,4,,,,,,342
2016-2017,Non-Federal,غير اتحادية,Fujairah,الفجيرة,"25.133300 , 56.250000",Expat,غير مواطن,Female,انثى,509,,2,,2,,,,,,513
2016-2017,Non-Federal,غير اتحادية,Fujairah,الفجيرة,"25.133300 , 56.250000",Expat,غير مواطن,Male,ذكر,329,,2,,,,,,,,331
2016-2017,Non-Federal,غير اتحادية,Ras Al Khaimah,رأس الخيمة,"25.800694 , 55.976200",Local,مواطن,Female,انثى,231,,3,,,,,,83,,317
2016-2017,Non-Federal,غير اتحادية,Ras Al Khaimah,رأس الخيمة,"25.800694 , 55.976200",Local,مواطن,Male,ذكر,62,,1,,,,,,24,,87
2016-2017,Non-Federal,غير اتحادية,Ras Al Khaimah,رأس الخيمة,"25.800694 , 55.976200",Expat,غير مواطن,Female,انثى,932,,8,,,,,,19,,959
2016-2017,Non-Federal,غير اتحادية,Ras Al Khaimah,رأس الخيمة,"25.800694 , 55.976200",Expat,غير مواطن,Male,ذكر,755,,7,,,,,,18,,780
2016-2017,Non-Federal,غير اتحادية,Sharjah,الشارقة,"25.322327 , 55.513641",Local,مواطن,Female,انثى,"3,987",,298,48,25,,,2,461,,"4,821"
2016-2017,Non-Federal,غير اتحادية,Sharjah,الشارقة,"25.322327 , 55.513641",Local,مواطن,Male,ذكر,"1,342",,276,103,112,,,1,286,,"2,120"
2016-2017,Non-Federal,غير اتحادية,Sharjah,الشارقة,"25.322327 , 55.513641",Expat,غير مواطن,Female,انثى,"7,527",,161,22,35,,,10,373,,"8,128"
2016-2017,Non-Federal,غير اتحادية,Sharjah,الشارقة,"25.322327 , 55.513641",Expat,غير مواطن,Male,ذكر,"5,827",,120,50,90,,,1,399,,"6,487"
2016-2017,Non-Federal,غير اتحادية,Umm Al-Quwain,ام القيوين,"25.520482 , 55.713391",Local,مواطن,Female,انثى,65,,,,,,,,,,65
2016-2017,Non-Federal,غير اتحادية,Umm Al-Quwain,ام القيوين,"25.520482 , 55.713391",Local,مواطن,Male,ذكر,176,,,,6,,,,,,182
2016-2017,Non-Federal,غير اتحادية,Umm Al-Quwain,ام القيوين,"25.520482 , 55.713391",Expat,غير مواطن,Female,انثى,88,,,,1,,,,,,89
2016-2017,Non-Federal,غير اتحادية,Umm Al-Quwain,ام القيوين,"25.520482 , 55.713391",Expat,غير مواطن,Male,ذكر,87,,,,,,,,,,87
2017-2018,Federal,اتحادية ,Abu Dhabi,أبوظبي,"24.466667 , 54.366669",Local,مواطن,Female,انثى,"16,530",224,12,60,"2,633",,,,506,,"19,965"
2017-2018,Federal,اتحادية ,Abu Dhabi,أبوظبي,"24.466667 , 54.366669",Local,مواطن,Male,ذكر,"5,235",61,3,28,861,,,,222,,"6,410"
2017-2018,Federal,اتحادية ,Abu Dhabi,أبوظبي,"24.466667 , 54.366669",Expat,غير مواطن,Female,انثى,"1,483",,,89,71,,,,237,,"1,880"
2017-2018,Federal,اتحادية ,Abu Dhabi,أبوظبي,"24.466667 , 54.366669",Expat,غير مواطن,Male,ذكر,752,,1,51,82,,,,168,,"1,054"
2017-2018,Federal,اتحادية ,Dubai,دبي ,"25.276987 , 55.296249",Local,مواطن,Female,انثى,"5,333",56,3,,686,,,,18,,"6,096"
2017-2018,Federal,اتحادية ,Dubai,دبي ,"25.276987 , 55.296249",Local,مواطن,Male,ذكر,"2,192",35,1,,186,,,,5,,"2,419"
2017-2018,Federal,اتحادية ,Dubai,دبي ,"25.276987 , 55.296249",Expat,غير مواطن,Female,انثى,81,,,,1,,,,3,,85
2017-2018,Federal,اتحادية ,Dubai,دبي ,"25.276987 , 55.296249",Expat,غير مواطن,Male,ذكر,18,,,,,,,,3,,21
2017-2018,Federal,اتحادية ,Fujairah,الفجيرة,"25.133300 , 56.250000",Local,مواطن,Female,انثى,"1,172",39,,,255,,,,,,"1,466"
2017-2018,Federal,اتحادية ,Fujairah,الفجيرة,"25.133300 , 56.250000",Local,مواطن,Male,ذكر,319,7,1,,115,,,,,,442
2017-2018,Federal,اتحادية ,Fujairah,الفجيرة,"25.133300 , 56.250000",Expat,غير مواطن,Female,انثى,3,,,,,,,,,,3
2017-2018,Federal,اتحادية ,Fujairah,الفجيرة,"25.133300 , 56.250000",Expat,غير مواطن,Male,ذكر,2,,,,,,,,,,2
2017-2018,Federal,اتحادية ,Ras Al Khaimah,رأس الخيمة,"25.800694 , 55.976200",Local,مواطن,Female,انثى,"1,412",19,1,,346,,,,,,"1,778"
2017-2018,Federal,اتحادية ,Ras Al Khaimah,رأس الخيمة,"25.800694 , 55.976200",Local,مواطن,Male,ذكر,463,,,,146,,,,,,609
2017-2018,Federal,اتحادية ,Ras Al Khaimah,رأس الخيمة,"25.800694 , 55.976200",Expat,غير مواطن,Female,انثى,18,,,,,,,,,,18
2017-2018,Federal,اتحادية ,Ras Al Khaimah,رأس الخيمة,"25.800694 , 55.976200",Expat,غير مواطن,Male,ذكر,6,,,,,,,,,,6
2017-2018,Federal,اتحادية ,Sharjah,الشارقة,"25.322327 , 55.513641",Local,مواطن,Female,انثى,"2,594",75,2,,296,,,,,,"2,967"
2017-2018,Federal,اتحادية ,Sharjah,الشارقة,"25.322327 , 55.513641",Local,مواطن,Male,ذكر,"1,154",25,4,,210,,,,,,"1,393"
2017-2018,Federal,اتحادية ,Sharjah,الشارقة,"25.322327 , 55.513641",Expat,غير مواطن,Female,انثى,76,,,,,,,,,,76
2017-2018,Federal,اتحادية ,Sharjah,الشارقة,"25.322327 , 55.513641",Expat,غير مواطن,Male,ذكر,21,1,,,,,,,,,22
2017-2018,Non-Federal,غير اتحادية,Abu Dhabi,أبوظبي,"24.466667 , 54.366669",Local,مواطن,Female,انثى,"6,052",551,251,89,702,,39,208,"1,133",,"9,025"
2017-2018,Non-Federal,غير اتحادية,Abu Dhabi,أبوظبي,"24.466667 , 54.366669",Local,مواطن,Male,ذكر,"5,768",266,418,74,899,,23,331,907,9,"8,695"
2017-2018,Non-Federal,غير اتحادية,Abu Dhabi,أبوظبي,"24.466667 , 54.366669",Expat,غير مواطن,Female,انثى,"5,128",107,289,51,152,,685,282,395,2,"7,091"
2017-2018,Non-Federal,غير اتحادية,Abu Dhabi,أبوظبي,"24.466667 , 54.366669",Expat,غير مواطن,Male,ذكر,"4,173",61,243,74,125,,110,63,578,2,"5,429"
2017-2018,Non-Federal,غير اتحادية,Ajman,عجمان,"25.244000 , 55.266140",Local,مواطن,Female,انثى,"1,329",,10,,47,,,,76,,"1,462"
2017-2018,Non-Federal,غير اتحادية,Ajman,عجمان,"25.244000 , 55.266140",Local,مواطن,Male,ذكر,"1,101",,,,5,,,,96,,"1,202"
2017-2018,Non-Federal,غير اتحادية,Ajman,عجمان,"25.244000 , 55.266140",Expat,غير مواطن,Female,انثى,"3,894",,34,,2,,18,,86,1,"4,035"
2017-2018,Non-Federal,غير اتحادية,Ajman,عجمان,"25.244000 , 55.266140",Expat,غير مواطن,Male,ذكر,"3,109",,8,,1,,8,,83,,"3,209"
2017-2018,Non-Federal,غير اتحادية,Dubai,دبي ,"25.276987 , 55.296249",Local,مواطن,Female,انثى,"2,000",3,35,184,12,,,7,"1,049",3,"3,293"
2017-2018,Non-Federal,غير اتحادية,Dubai,دبي ,"25.276987 , 55.296249",Local,مواطن,Male,ذكر,"3,960",4,40,125,33,,,12,"1,081",13,"5,268"
2017-2018,Non-Federal,غير اتحادية,Dubai,دبي ,"25.276987 , 55.296249",Expat,غير مواطن,Female,انثى,"6,139",17,74,110,44,,,45,"1,222",1,"7,652"
2017-2018,Non-Federal,غير اتحادية,Dubai,دبي ,"25.276987 , 55.296249",Expat,غير مواطن,Male,ذكر,"5,621",7,240,72,45,,,65,"1,648",6,"7,704"
2017-2018,Non-Federal,غير اتحادية,Fujairah,الفجيرة,"25.133300 , 56.250000",Local,مواطن,Female,انثى,496,,1,,,,,,44,1,542
2017-2018,Non-Federal,غير اتحادية,Fujairah,الفجيرة,"25.133300 , 56.250000",Local,مواطن,Male,ذكر,312,,5,,2,,,,55,1,375
2017-2018,Non-Federal,غير اتحادية,Fujairah,الفجيرة,"25.133300 , 56.250000",Expat,غير مواطن,Female,انثى,416,,1,,,,,,,1,418
2017-2018,Non-Federal,غير اتحادية,Fujairah,الفجيرة,"25.133300 , 56.250000",Expat,غير مواطن,Male,ذكر,270,,2,,,,,,,,272
2017-2018,Non-Federal,غير اتحادية,Ras Al Khaimah,رأس الخيمة,"25.800694 , 55.976200",Local,مواطن,Female,انثى,276,,8,,,,,,63,,347
2017-2018,Non-Federal,غير اتحادية,Ras Al Khaimah,رأس الخيمة,"25.800694 , 55.976200",Local,مواطن,Male,ذكر,98,,,,,,,,23,,121
2017-2018,Non-Federal,غير اتحادية,Ras Al Khaimah,رأس الخيمة,"25.800694 , 55.976200",Expat,غير مواطن,Female,انثى,968,,1,,,,,,30,,999
2017-2018,Non-Federal,غير اتحادية,Ras Al Khaimah,رأس الخيمة,"25.800694 , 55.976200",Expat,غير مواطن,Male,ذكر,831,,,,,,,,22,,853
2017-2018,Non-Federal,غير اتحادية,Sharjah,الشارقة,"25.322327 , 55.513641",Local,مواطن,Female,انثى,"4,255",,254,73,36,,1,,539,,"5,158"
2017-2018,Non-Federal,غير اتحادية,Sharjah,الشارقة,"25.322327 , 55.513641",Local,مواطن,Male,ذكر,"1,495",71,311,113,97,,1,,303,11,"2,402"
2017-2018,Non-Federal,غير اتحادية,Sharjah,الشارقة,"25.322327 , 55.513641",Expat,غير مواطن,Female,انثى,"7,321",,153,37,40,,5,,379,,"7,935"
2017-2018,Non-Federal,غير اتحادية,Sharjah,الشارقة,"25.322327 , 55.513641",Expat,غير مواطن,Male,ذكر,"5,600",,110,49,80,,1,,397,2,"6,239"
2017-2018,Non-Federal,غير اتحادية,Umm Al-Quwain,ام القيوين,"25.520482 , 55.713391",Local,مواطن,Female,انثى,65,,,,,,,,,,65
2017-2018,Non-Federal,غير اتحادية,Umm Al-Quwain,ام القيوين,"25.520482 , 55.713391",Local,مواطن,Male,ذكر,176,,,,6,,,,,,182
2017-2018,Non-Federal,غير اتحادية,Umm Al-Quwain,ام القيوين,"25.520482 , 55.713391",Expat,غير مواطن,Female,انثى,88,,,,1,,,,,,89
2017-2018,Non-Federal,غير اتحادية,Umm Al-Quwain,ام القيوين,"25.520482 , 55.713391",Expat,غير مواطن,Male,ذكر,87,,,,,,,,,,87
2018-2019 ,Federal,اتحادية ,Abu Dhabi,أبوظبي,"24.466667 , 54.366669",Local,مواطن,FEMALE,انثى,"18,253",128,3,68,"1,411",,,,441,1,"20,305"
2018-2019 ,Federal,اتحادية ,Abu Dhabi,أبوظبي,"24.466667 , 54.366669",Local,مواطن,Male,ذكر,"5,562",24,1,29,533,,,,195,,"6,344"
2018-2019 ,Federal,اتحادية ,Abu Dhabi,أبوظبي,"24.466667 , 54.366669",Expat,غير مواطن,FEMALE,انثى,"1,379",,,102,,,,,221,5,"1,707"
2018-2019 ,Federal,اتحادية ,Abu Dhabi,أبوظبي,"24.466667 , 54.366669",Expat,غير مواطن,Male,ذكر,724,,,73,,,,,154,2,953
2018-2019 ,Federal,اتحادية ,Dubai,دبي ,"25.276987 , 55.296249",Local,مواطن,FEMALE,انثى,"5,320",37,,,627,,,,15,,"5,999"
2018-2019 ,Federal,اتحادية ,Dubai,دبي ,"25.276987 , 55.296249",Local,مواطن,Male,ذكر,"1,956",1,,,149,,,,6,,"2,112"
2018-2019 ,Federal,اتحادية ,Dubai,دبي ,"25.276987 , 55.296249",Expat,غير مواطن,FEMALE,انثى,62,,,,,,,,,,62
2018-2019 ,Federal,اتحادية ,Dubai,دبي ,"25.276987 , 55.296249",Expat,غير مواطن,Male,ذكر,4,,,,,,,,1,,5
2018-2019 ,Federal,اتحادية ,Fujairah,الفجيرة,"25.133300 , 56.250000",Local,مواطن,FEMALE,انثى,"1,169",26,,,361,,,,,,"1,556"
2018-2019 ,Federal,اتحادية ,Fujairah,الفجيرة,"25.133300 , 56.250000",Local,مواطن,Male,ذكر,342,,,,74,,,,,,416
2018-2019 ,Federal,اتحادية ,Fujairah,الفجيرة,"25.133300 , 56.250000",Expat,غير مواطن,FEMALE,انثى,2,,,,,,,,,,2
2018-2019 ,Federal,اتحادية ,Fujairah,الفجيرة,"25.133300 , 56.250000",Expat,غير مواطن,Male,ذكر,1,,,,,,,,,,1
2018-2019 ,Federal,اتحادية ,Ras Al Khaimah,رأس الخيمة,"25.800694 , 55.976200",Local,مواطن,FEMALE,انثى,"1,323",159,,,341,,,,,,"1,823"
2018-2019 ,Federal,اتحادية ,Ras Al Khaimah,رأس الخيمة,"25.800694 , 55.976200",Local,مواطن,Male,ذكر,445,,,,87,,,,,,532
2018-2019 ,Federal,اتحادية ,Ras Al Khaimah,رأس الخيمة,"25.800694 , 55.976200",Expat,غير مواطن,FEMALE,انثى,8,,,,,,,,,,8
2018-2019 ,Federal,اتحادية ,Ras Al Khaimah,رأس الخيمة,"25.800694 , 55.976200",Expat,غير مواطن,Male,ذكر,4,,,,,,,,,,4
2018-2019 ,Federal,اتحادية ,Sharjah,الشارقة,"25.322327 , 55.513641",Local,مواطن,FEMALE,انثى,"2,466",58,,,410,,,,,,"2,934"
2018-2019 ,Federal,اتحادية ,Sharjah,الشارقة,"25.322327 , 55.513641",Local,مواطن,Male,ذكر,"1,253",4,,,149,,,,,,"1,406"
2018-2019 ,Federal,اتحادية ,Sharjah,الشارقة,"25.322327 , 55.513641",Expat,غير مواطن,FEMALE,انثى,42,,,,,,,,,,42
2018-2019 ,Federal,اتحادية ,Sharjah,الشارقة,"25.322327 , 55.513641",Expat,غير مواطن,Male,ذكر,10,,,,,,,,,,10
2018-2019 ,Non-Federal,غير اتحادية,Abu Dhabi,أبوظبي,"24.466667 , 54.366669",Local,مواطن,FEMALE,انثى,"6,014",605,273,80,561,,7,239,"1,004",92,"8,875"
2018-2019 ,Non-Federal,غير اتحادية,Abu Dhabi,أبوظبي,"24.466667 , 54.366669",Local,مواطن,Male,ذكر,"5,529",386,258,60,441,,4,337,893,58,"7,966"
2018-2019 ,Non-Federal,غير اتحادية,Abu Dhabi,أبوظبي,"24.466667 , 54.366669",Expat,غير مواطن,FEMALE,انثى,"4,626",23,247,48,43,,686,258,270,14,"6,215"
2018-2019 ,Non-Federal,غير اتحادية,Abu Dhabi,أبوظبي,"24.466667 , 54.366669",Expat,غير مواطن,Male,ذكر,"3,747",26,208,57,60,,166,70,255,10,"4,599"
2018-2019 ,Non-Federal,غير اتحادية,Ajman,عجمان,"25.244000 , 55.266140",Local,مواطن,FEMALE,انثى,"1,450",,4,1,8,,5,,106,,"1,574"
2018-2019 ,Non-Federal,غير اتحادية,Ajman,عجمان,"25.244000 , 55.266140",Local,مواطن,Male,ذكر,"1,236",,1,2,1,,,,121,,"1,361"
2018-2019 ,Non-Federal,غير اتحادية,Ajman,عجمان,"25.244000 , 55.266140",Expat,غير مواطن,FEMALE,انثى,"4,135",,25,3,6,,112,,119,,"4,400"
2018-2019 ,Non-Federal,غير اتحادية,Ajman,عجمان,"25.244000 , 55.266140",Expat,غير مواطن,Male,ذكر,"2,966",,14,,2,,21,,85,,"3,088"
2018-2019 ,Non-Federal,غير اتحادية,Dubai,دبي ,"25.276987 , 55.296249",Local,مواطن,FEMALE,انثى,"1,943",1,38,170,10,,4,2,"1,070",1,"3,239"
2018-2019 ,Non-Federal,غير اتحادية,Dubai,دبي ,"25.276987 , 55.296249",Local,مواطن,Male,ذكر,"3,236",5,31,111,22,,1,,999,5,"4,410"
2018-2019 ,Non-Federal,غير اتحادية,Dubai,دبي ,"25.276987 , 55.296249",Expat,غير مواطن,FEMALE,انثى,"5,384",45,71,97,28,16,104,5,"1,081",53,"6,884"
2018-2019 ,Non-Federal,غير اتحادية,Dubai,دبي ,"25.276987 , 55.296249",Expat,غير مواطن,Male,ذكر,"5,312",63,164,74,58,2,31,1,"1,296",35,"7,036"
2018-2019 ,Non-Federal,غير اتحادية,Fujairah,الفجيرة,"25.133300 , 56.250000",Local,مواطن,FEMALE,انثى,506,,2,,2,,,,52,,562
2018-2019 ,Non-Federal,غير اتحادية,Fujairah,الفجيرة,"25.133300 , 56.250000",Local,مواطن,Male,ذكر,318,,3,,8,,,,50,,379
2018-2019 ,Non-Federal,غير اتحادية,Fujairah,الفجيرة,"25.133300 , 56.250000",Expat,غير مواطن,FEMALE,انثى,321,,1,,1,,,,8,,331
2018-2019 ,Non-Federal,غير اتحادية,Fujairah,الفجيرة,"25.133300 , 56.250000",Expat,غير مواطن,Male,ذكر,244,,1,,1,,,,2,,248
2018-2019 ,Non-Federal,غير اتحادية,Ras Al Khaimah,رأس الخيمة,"25.800694 , 55.976200",Local,مواطن,FEMALE,انثى,346,,15,,,,,,74,6,441
2018-2019 ,Non-Federal,غير اتحادية,Ras Al Khaimah,رأس الخيمة,"25.800694 , 55.976200",Local,مواطن,Male,ذكر,107,,,,,,,,26,17,150
2018-2019 ,Non-Federal,غير اتحادية,Ras Al Khaimah,رأس الخيمة,"25.800694 , 55.976200",Expat,غير مواطن,FEMALE,انثى,919,,1,,,,,,37,1,958
2018-2019 ,Non-Federal,غير اتحادية,Ras Al Khaimah,رأس الخيمة,"25.800694 , 55.976200",Expat,غير مواطن,Male,ذكر,770,,,,,,,,20,4,794
2018-2019 ,Non-Federal,غير اتحادية,Sharjah,الشارقة,"25.322327 , 55.513641",Local,مواطن,FEMALE,انثى,"4,416",,144,92,224,,,,706,,"5,582"
2018-2019 ,Non-Federal,غير اتحادية,Sharjah,الشارقة,"25.322327 , 55.513641",Local,مواطن,Male,ذكر,"1,844",,168,122,75,,,,448,,"2,657"
2018-2019 ,Non-Federal,غير اتحادية,Sharjah,الشارقة,"25.322327 , 55.513641",Expat,غير مواطن,FEMALE,انثى,"6,708",,80,54,145,,,,415,1,"7,403"
2018-2019 ,Non-Federal,غير اتحادية,Sharjah,الشارقة,"25.322327 , 55.513641",Expat,غير مواطن,Male,ذكر,"4,999",,74,54,120,,,,367,,"5,614"
2018-2019 ,Non-Federal,غير اتحادية,Umm Al-Quwain,ام القيوين,"25.520482 , 55.713391",Local,مواطن,FEMALE,انثى,80,,,,,,,,,,80
2018-2019 ,Non-Federal,غير اتحادية,Umm Al-Quwain,ام القيوين,"25.520482 , 55.713391",Local,مواطن,Male,ذكر,199,,,,7,,,,,,206
2018-2019 ,Non-Federal,غير اتحادية,Umm Al-Quwain,ام القيوين,"25.520482 , 55.713391",Expat,غير مواطن,FEMALE,انثى,78,,,,,,,,,,78
2018-2019 ,Non-Federal,غير اتحادية,Umm Al-Quwain,ام القيوين,"25.520482 , 55.713391",Expat,غير مواطن,Male,ذكر,97,,,,,,,,,,97
2019-2020,Federal,اتحادية,Abu Dhabi,أبوظبي,"24.466667 , 54.366669",Local,مواطن,FEMALE,أنثى,"19,095",,,72,,,,,428,,"19,595"
2019-2020,Federal,اتحادية,Abu Dhabi,أبوظبي,"24.466667 , 54.366669",Local,مواطن,MALE,ذكر,"5,659",,,31,,,,,148,,"5,838"
2019-2020,Federal,اتحادية,Abu Dhabi,أبوظبي,"24.466667 , 54.366669",Expat,غير مواطن,FEMALE,أنثى,"1,089",,,136,,,,,232,,"1,457"
2019-2020,Federal,اتحادية,Abu Dhabi,أبوظبي,"24.466667 , 54.366669",Expat,غير مواطن,MALE,ذكر,663,,,96,,,,,133,,892
2019-2020,Federal,اتحادية,Dubai,دبي,"25.276987 , 55.296249",Local,مواطن,FEMALE,أنثى,"5,823",60,,,,,,,12,,"5,895"
2019-2020,Federal,اتحادية,Dubai,دبي,"25.276987 , 55.296249",Local,مواطن,MALE,ذكر,"1,680",23,,,,,,,11,,"1,714"
2019-2020,Federal,اتحادية,Dubai,دبي,"25.276987 , 55.296249",Expat,غير مواطن,FEMALE,أنثى,42,5,,,,,,,,,47
2019-2020,Federal,اتحادية,Dubai,دبي,"25.276987 , 55.296249",Expat,غير مواطن,MALE,ذكر,2,7,,,,,,,,,9
2019-2020,Federal,اتحادية,Fujairah,الفجيرة,"25.133300 , 56.250000",Local,مواطن,FEMALE,أنثى,"1,893",90,,,,,,,,,"1,983"
2019-2020,Federal,اتحادية,Fujairah,الفجيرة,"25.133300 , 56.250000",Local,مواطن,MALE,ذكر,342,9,2,,,,,,,,353
2019-2020,Federal,اتحادية,Fujairah,الفجيرة,"25.133300 , 56.250000",Expat,غير مواطن,FEMALE,أنثى,13,,,,,,,,,,13
2019-2020,Federal,اتحادية,Fujairah,الفجيرة,"25.133300 , 56.250000",Expat,غير مواطن,MALE,ذكر,10,,,,,,,,,,10
2019-2020,Federal,اتحادية,Ras Al Khaimah,رأس الخيمة,"25.800694 , 55.976200",Local,مواطن,FEMALE,أنثى,"1,822",182,,,,,,,,,"2,004"
2019-2020,Federal,اتحادية,Ras Al Khaimah,رأس الخيمة,"25.800694 , 55.976200",Local,مواطن,MALE,ذكر,446,21,,,,,,,,,467
2019-2020,Federal,اتحادية,Ras Al Khaimah,رأس الخيمة,"25.800694 , 55.976200",Expat,غير مواطن,FEMALE,أنثى,3,,,,,,,,,,3
2019-2020,Federal,اتحادية,Ras Al Khaimah,رأس الخيمة,"25.800694 , 55.976200",Expat,غير مواطن,MALE,ذكر,14,,,,,,,,,,14
2019-2020,Federal,اتحادية,Sharjah,الشارقة,"25.322327 , 55.513641",Local,مواطن,FEMALE,أنثى,"3,023",144,9,,,,,,,,"3,176"
2019-2020,Federal,اتحادية,Sharjah,الشارقة,"25.322327 , 55.513641",Local,مواطن,MALE,ذكر,"1,285",36,,,,,,,,,"1,321"
2019-2020,Federal,اتحادية,Sharjah,الشارقة,"25.322327 , 55.513641",Expat,غير مواطن,FEMALE,أنثى,19,1,1,,,,,,,,21
2019-2020,Federal,اتحادية,Sharjah,الشارقة,"25.322327 , 55.513641",Expat,غير مواطن,MALE,ذكر,4,,,,,,,,,,4
2019-2020,Non-Federal,غير اتحادية,Abu Dhabi,أبوظبي,"24.466667 , 54.366669",Local,مواطن,FEMALE,أنثى,"6,290",475,442,98,961,,43,207,876,46,"9,438"
2019-2020,Non-Federal,غير اتحادية,Abu Dhabi,أبوظبي,"24.466667 , 54.366669",Local,مواطن,MALE,ذكر,"6,151",111,"1,012",60,373,,21,262,845,7,"8,842"
2019-2020,Non-Federal,غير اتحادية,Abu Dhabi,أبوظبي,"24.466667 , 54.366669",Expat,غير مواطن,FEMALE,أنثى,"4,724",17,183,58,65,,493,306,277,,"6,123"
2019-2020,Non-Federal,غير اتحادية,Abu Dhabi,أبوظبي,"24.466667 , 54.366669",Expat,غير مواطن,MALE,ذكر,"3,604",2,150,65,21,,126,80,292,,"4,340"
2019-2020,Non-Federal,غير اتحادية,Ajman,عجمان,"25.244000 , 55.266140",Local,مواطن,FEMALE,أنثى,"1,618",,11,9,9,,9,,178,,"1,834"
2019-2020,Non-Federal,غير اتحادية,Ajman,عجمان,"25.244000 , 55.266140",Local,مواطن,MALE,ذكر,"1,114",,1,9,7,,1,,122,1,"1,255"
2019-2020,Non-Federal,غير اتحادية,Ajman,عجمان,"25.244000 , 55.266140",Expat,غير مواطن,FEMALE,أنثى,"4,298",,42,,1,,122,,180,3,"4,646"
2019-2020,Non-Federal,غير اتحادية,Ajman,عجمان,"25.244000 , 55.266140",Expat,غير مواطن,MALE,ذكر,"2,946",,29,3,1,,35,,93,5,"3,112"
2019-2020,Non-Federal,غير اتحادية,Dubai,دبي,"25.276987 , 55.296249",Local,مواطن,FEMALE,أنثى,"2,073",1,43,190,11,,1,,"1,141",,"3,460"
2019-2020,Non-Federal,غير اتحادية,Dubai,دبي,"25.276987 , 55.296249",Local,مواطن,MALE,ذكر,"3,310",2,29,138,17,,,1,"1,175",6,"4,678"
2019-2020,Non-Federal,غير اتحادية,Dubai,دبي,"25.276987 , 55.296249",Expat,غير مواطن,FEMALE,أنثى,"5,429",19,55,143,58,,126,,"1,181",40,"7,051"
2019-2020,Non-Federal,غير اتحادية,Dubai,دبي,"25.276987 , 55.296249",Expat,غير مواطن,MALE,ذكر,"5,168",31,104,109,68,,37,,"1,201",25,"6,743"
2019-2020,Non-Federal,غير اتحادية,Fujairah,الفجيرة,"25.133300 , 56.250000",Local,مواطن,FEMALE,أنثى,124,,1,,1,,,,31,,157
2019-2020,Non-Federal,غير اتحادية,Fujairah,الفجيرة,"25.133300 , 56.250000",Local,مواطن,MALE,ذكر,123,,3,,3,,,,21,,150
2019-2020,Non-Federal,غير اتحادية,Fujairah,الفجيرة,"25.133300 , 56.250000",Expat,غير مواطن,FEMALE,أنثى,46,,1,,,,,,1,,48
2019-2020,Non-Federal,غير اتحادية,Fujairah,الفجيرة,"25.133300 , 56.250000",Expat,غير مواطن,MALE,ذكر,27,,1,,1,,,,3,,32
2019-2020,Non-Federal,غير اتحادية,Ras Al Khaimah,رأس الخيمة,"25.800694 , 55.976200",Local,مواطن,FEMALE,أنثى,382,,20,,2,,,,84,2,490
2019-2020,Non-Federal,غير اتحادية,Ras Al Khaimah,رأس الخيمة,"25.800694 , 55.976200",Local,مواطن,MALE,ذكر,116,,,,2,,,,32,1,151
2019-2020,Non-Federal,غير اتحادية,Ras Al Khaimah,رأس الخيمة,"25.800694 , 55.976200",Expat,غير مواطن,FEMALE,أنثى,822,,3,,,,,,26,,851
2019-2020,Non-Federal,غير اتحادية,Ras Al Khaimah,رأس الخيمة,"25.800694 , 55.976200",Expat,غير مواطن,MALE,ذكر,731,,,,1,,,,22,2,756
2019-2020,Non-Federal,غير اتحادية,Sharjah,الشارقة,"25.322327 , 55.513641",Local,مواطن,FEMALE,أنثى,"4,907",,48,137,233,,,,905,,"6,230"
2019-2020,Non-Federal,غير اتحادية,Sharjah,الشارقة,"25.322327 , 55.513641",Local,مواطن,MALE,ذكر,"2,235",,67,159,57,,,,594,,"3,112"
2019-2020,Non-Federal,غير اتحادية,Sharjah,الشارقة,"25.322327 , 55.513641",Expat,غير مواطن,FEMALE,أنثى,"6,548",,40,67,118,,,,484,21,"7,278"
2019-2020,Non-Federal,غير اتحادية,Sharjah,الشارقة,"25.322327 , 55.513641",Expat,غير مواطن,MALE,ذكر,"4,702",,64,65,94,,,,364,17,"5,306"
2019-2020,Non-Federal,غير اتحادية,Umm Al-Quwain,ام القيوين,"25.520482 , 55.713391",Local,مواطن,FEMALE,أنثى,80,,,,,,,,,,80
2019-2020,Non-Federal,غير اتحادية,Umm Al-Quwain,ام القيوين,"25.520482 , 55.713391",Local,مواطن,MALE,ذكر,210,,,,,,,,,,210
2019-2020,Non-Federal,غير اتحادية,Umm Al-Quwain,ام القيوين,"25.520482 , 55.713391",Expat,غير مواطن,FEMALE,أنثى,54,,,,,,,,,,54
2019-2020,Non-Federal,غير اتحادية,Umm Al-Quwain,ام القيوين,"25.520482 , 55.713391",Expat,غير مواطن,MALE,ذكر,71,,,,,,,,,,71